[
  {
    "idCategoria": 1,
    "nombre": "Ficción",
    "descripcion": "Novelas y cuentos"
  },
  {
    "idCategoria": 2,
    "nombre": "No Ficción",
    "descripcion": "Libros basados en hechos reales"
  },
  {
    "idCategoria": 3,
    "nombre": "Terror",
    "descripcion": "Libros de miedo Nivel Experto"
  },
  {
    "idCategoria": 4,
    "nombre": "Romance",
    "descripcion": "Libros de Amor"
  },
  {
    "idCategoria": 5,
    "nombre": "Drama",
    "descripcion": "Libros para llorar"
  }
]