[
  {
    "idLibro": 202,
    "titulo": "Boulevar",
    "autor": "Flor M.Salvador",
    "isbn": "978-04253612486",
    "categoria": {
      "idCategoria": 5,
      "nombre": "Drama",
      "descripcion": "Libros para llorar"
    }
  },
  {
    "idLibro": 203,
    "titulo": "La vegetariana",
    "autor": "Han Kang",
    "isbn": "978-8410009059",
    "categoria": {
      "idCategoria": 2,
      "nombre": "No Ficción",
      "descripcion": "Libros basados en hechos reales"
    }
  },
  {
    "idLibro": 204,
    "titulo": "La Oculta",
    "autor": "Héctor Abad Faciolince",
    "isbn": "978-8420400761",
    "categoria": {
      "idCategoria": 1,
      "nombre": "Ficción",
      "descripcion": "Novelas y cuentos"
    }
  }
]